id,name,email,birth_date,created_at,updated_at
1,"Burks, Rosella ",BurksR@example.com,2006-10-25,2016-07-15 18:16:13,2016-07-15 18:16:13
2,"Avila, Damien ",AvilaD@example.com,2005-10-25,2016-07-15 18:16:13,2016-07-15 18:16:13 
3,"Olsen, Robin ",OlsenR@example.com,2004-10-25,2016-07-15 18:16:13,2016-07-15 18:16:13 
4,"Moises, Edgar Estes",MoisesE@example.com,2003-10-25,2016-07-15 18:16:13,2016-07-15 18:16:13
5,"Brian, Heath Pruitt",BrianH@example.com,2002-10-25,2016-07-15 18:16:13,2016-07-15 18:16:13  
6,"Claude, Elvin Haney",ClaudeE@example.com,2001-10-25,2016-07-15 18:16:13,2016-07-15 18:16:13
7,"Mosley, Edmund ",MosleyE@example.com,2000-10-25,2016-07-15 18:16:13,2016-07-15 18:16:13 
8,"Derek, Antoine Mccoy",DerekA@example.com,1966-10-25,2016-07-15 18:16:13,2016-07-15 18:16:13
9,"Hawkins, Callie ",HawkinsC@example.com,2009-10-25,2016-07-15 18:16:13,2016-07-15 18:16:13
10,"Pate, Andrea ",PateA@example.com,2004-10-25,2016-07-15 18:16:13,2016-07-15 18:16:13
11,"Austin, Liz ",AustinL@example.com,2002-10-25,2016-07-15 18:16:13,2016-07-15 18:16:13 
12,"Kendrick, Reba Alford",KendrickR@example.com,2003-10-25,2016-07-15 18:16:13,2016-07-15 18:16:13  
13,"Sims, Angelina ",SimsA@example.com,2008-10-25,2016-07-15 18:16:13,2016-07-15 18:16:13
14,"Mullins, Kimberly ",MullinsK@example.com,2007-10-25,2016-07-15 18:16:13,2016-07-15 18:16:13 
15,"Chuck, Lloyd Haney",ChuckL@example.com,2014-10-25,2016-07-15 18:16:13,2016-07-15 18:16:13 
16,"Payne, Ladonna ",PayneL@example.com,2000-10-25,2016-07-15 18:16:13,2016-07-15 18:16:13
17,"Baxter, Johnathan Browning",BaxterJ@example.com,1999-10-25,2016-07-15 18:16:13,2016-07-15 18:16:13 
18,"Weiss, Gilbert ",WeissG@example.com,1998-10-25,2016-07-15 18:16:13,2016-07-15 18:16:13
19,"Deirdre, Florence Barrera",DeirdreF@example.com,1990-10-25,2016-07-15 18:16:13,2016-07-15 18:16:13  
20,"Fernando, Toby Calderon",FernandoT@example.com,1991-10-25,2016-07-15 18:16:13,2016-07-15 18:16:13 
21,"Garrison, Patrica ",GarrisonP@example.com,1992-10-25,2016-07-15 18:16:13,2016-07-15 18:16:13  
22,"Effie, Leila Vinson",EffieL@example.com,1993-10-25,2016-07-15 18:16:13,2016-07-15 18:16:13 
23,"Buckley, Rose ",BuckleyR@example.com,1994-10-25,2016-07-15 18:16:13,2016-07-15 18:16:13
24,"Stanton, Kathie ",StantonK@example.com,1995-10-25,2016-07-15 18:16:13,2016-07-15 18:16:13
25,"Banks, Shannon ",BanksS@example.com,1996-10-25,2016-07-15 18:16:13,2016-07-15 18:16:13
26,"Barnes, Cleo ",BarnesC@example.com,1997-10-25,2016-07-15 18:16:13,2016-07-15 18:16:13 
27,"Brady, Nellie ",BradyN@example.com,1998-10-25,2016-07-15 18:16:13,2016-07-15 18:16:13
28,"Katheryn, Ruben Holt",KatherynR@example.com,2015-10-25,2016-07-15 18:16:13,2016-07-15 18:16:13 
29,"Michael, Dianne ",MichaelD@example.com,2010-10-25,2016-07-15 18:16:13,2016-07-15 18:16:13 
30,"Grant, Adam ",GrantA@example.com,2010-10-25,2016-07-15 18:16:13,2016-07-15 18:16:13 
31,"Head, Kurtis ",HeadK@example.com,2010-10-25,2016-07-15 18:16:13,2016-07-15 18:16:13
32,"Berger, Jami ",BergerJ@example.com,2000-10-25,2016-07-15 18:16:13,2016-07-15 18:16:13 
33,"Earline, Jaime Fitzgerald",EarlineJ@example.com,2003-10-25,2016-07-15 18:16:13,2016-07-15 18:16:13  
34,"Evelyn, Summer Frost",EvelynS@example.com,2004-10-25,2016-07-15 18:16:13,2016-07-15 18:16:13 
35,"Quentin, Sam Hyde",QuentinS@example.com,2005-10-25,2016-07-15 18:16:13,2016-07-15 18:16:13 
36,"Dunlap, Ann ",DunlapA@example.com,2006-10-25,2016-07-15 18:16:13,2016-07-15 18:16:13 
37,"Shields, Rich Pena",ShieldsR@example.com,2007-10-25,2016-07-15 18:16:13,2016-07-15 18:16:13 
38,"Page, Winnie ",PageW@example.com,2001-10-25,2016-07-15 18:16:13,2016-07-15 18:16:13
39,"Sparks, Ezra ",SparksE@example.com,2003-10-25,2016-07-15 18:16:13,2016-07-15 18:16:13 
40,"Kaufman, Elba ",KaufmanE@example.com,2009-10-25,2016-07-15 18:16:13,2016-07-15 18:16:13